Número de artículo Mayorista,Número de artículo de Fabricante,Número EAN,Nombre de Producto,Descripción del Producto,Marca del producto,Precio Regular de venta,Moneda,Disponibilidad CDMX,Disponibilidad GDL
----------------------------,--------------------------------,----------,------------------,------------------------,------------------,-----------------------,------,-------------------,------------------
Ninguno,,,Ninguno,,,0,Dólares,0,0
SER001,,,Servicio Genérico,,,0,Dólares,0,0
CAS340WB1,,,GABINETE NZXT S340 NEGRO,GABINETE NZXT S340 NEGRO,,0,Dólares,0,0
CAS340MBGR,,,GABINETE NZXT S340 NEGRO ROJO,GABINETE NZXT S340 NEGRO ROJO,,0,Dólares,0,0
CAS21001BL,,,GABINETE SOURCE 210 REGULAR BLACK,GABINETE SOURCE 210 REGULAR BLACK,,0,Dólares,0,0
SERPAQ,,,SERVICIO DE PAQUETERIA,SERVICIO DE PAQUETERIA,,0,Dólares,0,0
RBCAN450WM,,,REFURBISHED NZXT NOCTIS 450 MID TOWER CHASSIS  MATTE BLACK,REFURBISHED NZXT NOCTIS 450 MID TOWER CHASSIS  MATTE BLACK,,0,Dólares,0,0
RBCAN450WW,,,REFURBISHED NZXT NOCTIS 450 MID TOWER CHASSIS  GLOSSY WHITE,REFURBISHED NZXT NOCTIS 450 MID TOWER CHASSIS  GLOSSY WHITE,,0,Dólares,0,0
RBCAH440WR,,,REFURBISHED NZXT H440 MID TOWER CASE  RAZER EDITION,REFURBISHED NZXT H440 MID TOWER CASE  RAZER EDITION,,0,Dólares,0,0
RBCAH442WR,,,REFURBISHED NZXT H440  NEW EDITION  MID TOWER CASE W WINDOW,REFURBISHED NZXT H440  NEW EDITION  MID TOWER CASE W WINDOW  RAZER EDITION,,0,Dólares,0,0
RBCAS340WR,,,REFURBISHED NZXT S340 MID TOWER CHASSIS  RAZER,REFURBISHED NZXT S340 MID TOWER CHASSIS  RAZER,,0,Dólares,0,0
RBCAS340MB,,,REFURBISHED NZXT S340 BLACK BLUE MID TOWER CHASSIS,REFURBISHED NZXT S340 BLACK BLUE MID TOWER CHASSIS,,0,Dólares,0,0
RBCAS340MG,,,REFURBISHED NZXT S340 BLACK RED MID TOWER CHASSIS 5 piezas,REFURBISHED NZXT S340 BLACK RED MID TOWER CHASSIS 5 piezas,,0,Dólares,0,0
RBCAPH240W,,,REFURBISHED NZXT PHANTOM 240 WHITE,REFURBISHED NZXT PHANTOM 240 WHITE,,0,Dólares,0,0
RBPHAN001R,,,REFURBISHED NZXT PHANTOM RED,REFURBISHED NZXT PHANTOM RED,,0,Dólares,0,0
SERASADU,,,SERVICIO DE ASESORIA ADUANAL,SERVICIO DE ASESORIA ADUANAL,,0,Dólares,0,0
DT01ACA100,,,TOSHIBA 1TB 3.5  SATA III 7200 DT01ACA100,TOSHIBA 1TB 3.5? SATA III 7200 DT01ACA100,,0,Dólares,0,0
ECA3280ABL,ECA-3280-ABL,,OSTROG GT ATX Mid Case Black   Blue Rim   2 Blue LED fan,OSTROG GT ATX Mid Case Black   Blue Rim   2 Blue LED fan,ENERMAX,61.54,Dólares,0,0
ECA3253BR,ECA-3253BR,4713157732095,OSTROG GT ATX MID CASE BLACK   RED RIM   2 RED LED FAN,OSTROG ATX Mid Case Black   Red Rim,ENERMAX,36.93,Dólares,0,0
PULL0F1062,,,HITACHI   2TB  64MB  7200RPM  SATA II  3.0GB S  3.5  PULL,HITACHI   2TB  64MB  7200RPM  SATA II  3.0GB S  3.5  Hard Drive pull,HITACHI,31.14,Dólares,0,0
EPM750AWT,EPM750AWT,4713157720788,ENERMAX Platimax EPM750AWT 750W Modular80+  PLATINUM Certifi,12 Meses,ENERMAX,126.18,Dólares,0,4
ERX650AWT,ERX650AWT,4713157722034,ENERMAX ERX650AWT 650W ATX12V +GOLD SEMI-MOD ACTIVE,12 Meses,ENERMAX,86.04,Dólares,0,2
ETL800EWTM,ETL800EWT-M,4713157722096,ENERMAX ETL800EWT-M 800W ATX12V   + BRONZE SEMI-MOD ACTIVE,ENERMAX ETL800EWT-M 800W ATX12V   + BRONZE SEMI-MOD ACTIVE,ENERMAX,90.829,Dólares,0,0
ETST40FTB,ETS-T40F,4713157721914,ETS-T40F-T.B. Silence PWM Fan Side Flow CPU Cooler,12 Meses,ENERMAX,30.59,Dólares,0,0
ETST40FW,ETS-T40F-W,4713157721938,ETS-T40F-W T.B. Silence White Cluster LED Fan Side Flow CPU,12 Meses,ENERMAX,39.2,Dólares,0,1
ETST40FBK,ETS-T40F-BK,4713157721921,ETS-T40F-BK T.B.Silence Black Twister LED Fan Side Flow CPU,12 Meses,ENERMAX,36.33,Dólares,0,1
ETST40FRF,ETS-T40F-RF,4713157721945,ETS-T40F-RF T.B.Silence Black Twister LED Fan down Flow CPU,12 Meses,ENERMAX,35.38,Dólares,0,3
UC8EB,UC8EB,0046097297053,Enermax Marathon Enlobal 80mm Cooling Fan,12 Meses,ENERMAX,5.26,Dólares,0,23
ETSN30RHE,ETS-N30R-HE,4713157722119,ETS-N30R-HE T.B.Silence Black Twister Fan down Flow CPU Cool,12 Meses,ENERMAX,21.03,Dólares,0,2
PUL0F10629,,,HITACHI   2TB  64MB  7200RPM  SATA II  3.0GB S  3.5  PULL,6 Meses,HITACHI,31.14,Dólares,0,1
WD10PURX,WD10PURX,0718037823324,WD Purple 1TB Surveillance 5400 RPM SATA 6Gb s 64MB Cache 3.,WD Purple 1TB Surveillance 5400 RPM SATA 6Gb s 64MB Cache 3.5  WD10PURX,WESTER DIGITAL,45.82,Dólares,0,0
WD20PURX,WD20PURX,0718037823331,WD Purple 2TB Surveillance 5400 RPM SATA 6Gb s 64MB Cache 3.,WD Purple 2TB Surveillance 5400 RPM SATA 6Gb s 64MB Cache 3.5  WD20PURX,WESTERN DIGITAL,64.989,Dólares,0,0
WD30PURX,WD30PURX,0718037823300,WD Purple 3TB Surveillance 5400 RPM SATA 6Gb s 64MB Cache 3.,WD Purple 3TB Surveillance 5400 RPM SATA 6Gb s 64MB Cache 3.5  WD30PURX,WESTERN DIGITAL,85.76,Dólares,0,0
WD80PURZ,WD80PURZ,718037856094,WD Purple 8TB Surveillance 5400 RPM SATA 6Gb s 64MB Cache 3.,24 Meses,WESTERN DIGITAL,210,Dólares,0,0
SERVLOG,,,SERVICIO DE LOGISTICA,SERVICIO DE LOGISTICA,,7,Dólares,0,0
PHA001BK,,,Gabinete Phantom Black,Gabinete Phantom Black,,0,Dólares,0,0
STEA20004,STEA2000400,7636490070471,SEAGATE EXT 2.5  2TB USB 3.0 Expansion STEA2000400,SEAGATE EXT 2.5  2TB USB 3.0 Expansion,SEAGATE,63.58,Dólares,0,0
DT01ACA10,DT01ACA100,5051868551802,TOSHIBA 1TB 3.5  SATA III 7200 DT01ACA100,TOSHIBA 1TB 3.5? SATA III 7200 DT01ACA100,TOSHIBA,32,Dólares,0,0
ST2000DM06,ST2000DM006,3660619400355,SEAGATE 2TB 7200 SATA III ST2000DM006,HDD1887 SEAGATE 2TB7200RPM SATAIII64MB ST2000DM006,SEAGATE,50.3,Dólares,0,0
ST3000DM08,ST3000DM008,3660619400386,SEAGATE 3TB 7200 SATA III ST3000DM008,SEAGATE 3TB 7200 SATA III ST3000DM008,SEAGATE,62.5,Dólares,0,0
ST4000DM05,ST4000DM05,0763649097861,SEAGATE 4TB 5900 SATA III ST4000DM005,SEAGATE 4TB 5900 SATA III ST4000DM005,SEAGATE,78,Dólares,0,0
ST1000VX05,ST1000VX005,0763649097977,Seagate SkyHawk 1TB 3.5  5900RPM ST1000VX005,Seagate SkyHawk 1TB 3.5  5900RPM ST1000VX005,SEAGATE,36.5,Dólares,0,0
ST2000VX08,ST2000VX008,0763649097984,Seagate SkyHawk 2TB 3.5  5900RPM ST2000VX008,Seagate SkyHawk 2TB 3.5  5900RPM ST2000VX008,SEAGATE,54.14,Dólares,0,0
ST3000VX10,ST3000VX010,0763649097991,Seagate SkyHawk 3TB 3.5  5900RPM ST3000VX010,Seagate SkyHawk 3TB 3.5  5900RPM ST3000VX010,SEAGATE,74.05,Dólares,0,0
ST4000VX07,ST4000VX007,0763649110638,Seagate SkyHawk 4TB 3.5  5900RPM ST4000VX007,Seagate SkyHawk 4TB 3.5  5900RPM ST4000VX007,SEAGATE,93.55,Dólares,0,0
ST6000VX23,ST6000VX0023,0763649099797,Seagate SkyHawk 6TB 3.5  7200RPM ST6000VX0023,Seagate SkyHawk 6TB 3.5  7200RPM ST6000VX0023,SEAGATE,148,Dólares,0,0
WDS240G1G0,WDS240G1G0A,0718037852966,WD SSD Green 240GB 2.5  SATA WDS240G1G0A,WD SSD Green 240GB 2.5? SATA WDS240G1G0A,WESTERN DIGITAL,70.47,Dólares,0,0
PH5CE120,PH5-CE120,4718390037525,LITEON SSD MU3 120GB 3DNAND 2.5  SATA PH5-CE120,LITEON SSD MU3 120GB 3DNAND 2.5  SATA PH5-CE120,LITEON,40.88,Dólares,0,0
MQ01ABD100,MQ01ABD100,4026203989528,TOSHIBA 1TB 2.5  SATA 5400 MQ01ABD100,HDD1648-T TOSHIBA 1TB 2.5  SATA 5400MQ01ABD100,TOSHIBA,38.95,Dólares,0,0
CONCEPTO,,,Nota:,,,0,Dólares,0,0
WD60PURZ,WD60PURZ,718037857077,WD Purple 6TB Surveillance 5400 RPM SATA 6Gb s 64MB Cache 3.,WD Purple 6TB Surveillance 5400 RPM SATA 6Gb s 64MB Cache 3.5  WD60PURX,WESTERN DIGITAL,179.53,Dólares,0,0
WD40PURZ1,WD40PURZ,718037823317,WD PURPLE 4TB 3.5  WD40PURZ SATA 600mb s 64MG,HDD1965 WD PURPLE 6TB 3.5   SATA 600mb s 64MG Cache Made In Thailand,WESTERN DIGITAL,109.41,Dólares,0,0
MZ75E250BA,MZ-75E250B AM,8806086522977,SAMSUNG 850 EVO 250GB MZ-75E250B AM 2.5  SATA III 540 520 MB,SAMSUNG 850 EVO 250GB MZ-75E250B AM 2.5  SATA III 540 520 MB S,SAMSUNG,88.99,Dólares,0,0
MZ75E500BA,MZ-75E500B AM,5902805401042,SAMSUNG 850 EVO 500GB MZ-75E500B AM 2.5  SATA III 540 520 MB,SAMSUNG 850 EVO 500GB MZ-75E500B AM 2.5  SATA III 540 520 MB S,SAMSUNG,139.5,Dólares,0,0
MZ75E1T0BA,MZ-75E10TB AM,887276086156,SAMSUNG 850 EVO 1 TB MZ-75E10TB AM 2.5  SATA III 540 520 MB,SAMSUNG 850 EVO 1 TB MZ-75E10TB AM 2.5  SATA III 540 520 MB S,SAMSUNG,285.3,Dólares,0,0
MZV6E1T0B,MZ-V6E1T0BW,8806088540115,SAMSUNG 1 TB 960 EVO NVMe M.2 INTERNAL  SOLID STATE DRIVE,SAMSUNG 1 TB 960 EVO NVMe M.2 INTERNAL  SOLID STATE DRIVE,SAMSUNG,446.17,Dólares,0,0
MZV6500BW,MZ-V6E500BW,8806088540122,SAMSUNG 500GB 960 EVO NVMe M.2 INTERNAL  SSD MZ-V6E500BW,SAMSUNG 500GB 960 EVO NVMe M.2 INTERNAL  SOLID STATE DRIVE,SAMSUNG,217,Dólares,0,0
MZV6E250BW,MZ-V6E250BW,8806088540139,SAMSUNG 250GB 960 EVO NVMe M.2 INTERNAL  SSD MZ-V6E250BW,SAMSUNG 250GB 960 EVO NVMe M.2 INTERNAL  SOLID STATE DRIVE,SAMSUNG,120.39,Dólares,0,0
ECE240NAS,ECE-240NAS,,LITEON SSD MU3 Rock 240GB  eMLC 2.5  SATA ECE-240NAS,LITEON SSD MU3 Rock 240GB  eMLC 2.5? SATA ECE-240NAS,LITEON,70.13,Dólares,0,0
PULL0F106,,,HITACHI   2TB  64MB  7200RPM  SATA II  3.0GB S  3.5  PULL,HITACHI   2TB  64MB  7200RPM  SATA II  3.0GB S  3.5  Hard Drive pull,HITACHI,31.149,Dólares,0,0
APT100CGRY,,,APT100-10000M-CGRYL   PILA APT100-10000M-5V-CBKGR VERDE,APT100-10000M-CGRYL   PILA APT100-10000M-5V-CBKGR VERDE,,0,Dólares,0,0
STEA40004,STEA4000400,7636490070471,SEAGATE EXT 2.5  4TB USB 3.0 Expansion,SEAGATE EXT 2.5  4TB USB 3.0 Expansion,SEAGATE,100.06,Dólares,0,0
GTX1080HA,,,DirectX 12 8GB 256-Bit GDDR5X PCI Express 3.0 x16 HDCP Ready,DirectX 12 8GB 256-Bit GDDR5X PCI Express 3.0 x16 HDCP Ready,,579.17,Dólares,0,0
STEA400040,STEA4000400,763649000000,SEAGATE EXT 2.5  4TB USB 3.0 Expansion STEA4000400,12 Meses,SEAGATE,87.9,Dólares,0,0
WD30PURZ,WD30PURX,718037823300,WD Purple 3TB Surveillance 5400 RPM SATA 6Gb s 64MB Cache 3.,WD Purple 3TB Surveillance 5400 RPM SATA 6Gb s 64MB Cache 3.5  WD30PURX,WESTERN DIGITAL,73.65,Dólares,0,0
WD40PURZ,WD40PURZ,718037823317,WD Purple 4TB Surveillance 5400 RPM SATA 6Gb s 64MB Cache 3.,WD Purple 4TB Surveillance 5400 RPM SATA 6Gb s 64MB Cache 3.5  WD40PURX,WESTERN DIGITAL,109.41,Dólares,0,0
WD60PURZ1,WD60PURZ,718037857077,WD PURPLE 6TB 3.5  WD60PURZ SATA 600mb s 64MB,WD PURPLE 6TB 3.5  WD60PURZ SATA 600mb s 64MB MADE IN THAILAND,WESTERN DIGITAL,155.54,Dólares,0,0
AP20NPOWB,,,POWER BANK  2000MAH BLANCA,,,0,Dólares,0,0
AP20NPOWA,,,POWER BANK  2000MAH AZUL,,,0,Dólares,0,0
PULLST3500,,,SEAGATE 500GB 16MB Cache SATA 3.0Gb s 3.5  Internal Hard Dri,,,0,Dólares,0,0
GVN1060G16,GV-N1060G1 GAMING-6GD REV2.0,4719331342227,GIGABYTE GTX 1060 6GB GDDR5 GV-N1060G1 GAMING-6GD REV2.0,,GIGABYTE,285.08,Dólares,0,0
MZV6E500BW,MZ-V6E500BW,8806088540122,SAMSUNG 500GB 960 EVO NVMe M.2 INTERNAL SSD MZ-V6E500BW,,SAMSUNG,223.4,Dólares,0,0
MZV6E1TB0W,MZ-V6E1T0BW,8806088540115,SAMSUNG 1 TB 960 EVO NVMe M.2 INTERNAL SSD MZ-V6E1T0BW,48 Meses,SAMSUNG,400,Dólares,0,0
GVN1070G18,GV-N1070G1 GAMING-8GD,4719331322199,GIGABYTE NVIDIA GeForce GTX G1 Gaming OC 8GB GDDR5 DVI,,GIGABYTE,375,Dólares,0,0
DT01ACA200,DT01ACA200,4047999500179,TOSHIBA 2TB 3.5  SATA III 7200 DT01ACA200,12 Meses,TOSHIBA,45,Dólares,0,0
GVN1060D56,GV-N1060D5-6GD REV 2.0,4719331346294,GIGABYTE GTX 1060 GDDR5 DVI HDMI3DP REV2.0 GV-N1060D5-6GD,,GIGABYTE,260.07,Dólares,0,0
1W10013,1W10013,5053118900606,HGST 500GB 2.5  5400RPM 8MB 7mm SATA,12 Meses,HITACHI,28,Dólares,0,0
MQ01ABF050,MQ01ABF050,0132017968650,TOSHIBA 500GB NB 5400 SATA II 7mm MQ01ABF050 2.5,,TOSHIBA,31.79,Dólares,0,0
GVR80XO8G,GV-RX580XTRAORUS-8GD,4719331301422,GIGABYTE AMD Radeon DVI HDMI 3DisplayP GV-RX580XTRAORUS-8GD,,GIGABYTE,290.08,Dólares,0,0
AP20NPOWER,,,AION AP-20NPOWER  2000MAH,,,0,Dólares,0,0
MBX399TAC,X399 TAICHI-A-ASRK,47176773339,ASRock X399 TAICHI Socket TR4  AMD X399  DDR4  Quad CrossFir,12 Meses,ASROCK,321.36,Dólares,0,0
MBX399AG7,X399 AORUS GAMING 7,4719331801939,GA AMD X399 AORUS GAMING7,,GIGABYTE,370.8,Dólares,0,0
112650720G,11265-07-20G,4895106281929,Sapphire 11265-07-20G Radeon NITRO+ RX 580 4GB GDDR5 DUAL HD,SAT,SAPPHIRE,221,Dólares,0,0
ST100LM048,ST1000LM048,0763649098301,SEAGATE 1TB SATA 2.5 ST1000LM048 2.5,,SEAGATE,39.74,Dólares,0,0
SE4000DM05,ST4000DM005,0763649097861,SEAGATE 4TB 5900 SATA III ST4000DM005,12 Meses,SEAGATE,78,Dólares,0,0
WDS100T1B0,WDS100T1B0A-00H9H0,0718037852904,WD SSD BLUE 1TB 2.5 SATA WDS1000T1B0A,12 Meses,WESTERN DIGITAL,261,Dólares,0,0
AXRX5808GB,AXRX580 8GBD5-3DH OC,4715409188957,PColor Red Devil GDDR5 DVI HDMI 3P AXRX580 8GBD5-3DH OC,,POWER COLOR,300,Dólares,0,0
RVEGA568,MSI-RXVEGA568,0824142152461,MSI AMD RADEON RX VEGA 56 8GB HBM2 HDMI 3DP RVEGA568,,MSI,550.16,Dólares,0,0
GV1070WF20,GV-N1070WF2OC-8GD REV 2.0,4719331302528,GIGABYTE GTX 1070 WINDFORCE OC GV-N1070WF2OC-8GD REV2.0,,GIGABYTE,375,Dólares,0,0
ES1DVD,ES1-01,4718390019996,LITEON eBAU108 DVDRW EXT BLACK W SOFTWARE,12 MESES,LITEON,15,Dólares,0,0
ODDR34GB24,,,OEM DDR4 4GB 2400 NON-EXX LONG DIMM BULK,,OEM,28.51,Dólares,0,0
WDS120G1G0,WDS120G1G0A,0718037852959,WD SSD GREEN 120GB 2.5 SATA WDS120G1G0A,,WESTERN DIGITAL,46.84,Dólares,0,0
GVRX570G4,GV-RX570GAMING-4GD,4719331301347,GIGABYTE Radeon RX 570 Gaming 4GB GV-RX570GAMING-4GD,,GIGABYTE,1217.25,Dólares,0,0
GVRX570A4,GV-RX570AORUS-4GD,4719331301415,GIGABYTE Radeon RX 570 4GB GDDR5 GV-RX570AORUS-4GD,,GIGABYTE,260.07,Dólares,0,0
112660920G,11266-09-20G,4895106282179,Sapphire Nitro+ AMD Radeon RX 570 8G GDDR5 11266-09-20G,SAT,SAPPHIRE,285.22,Dólares,0,0
MZ75E500BU,MZ-75E500BULK,,SAMSUNG 850 EVO 500GB MZ-75E500BULK 2.5  SATA III 540 520 MB,,SAMSUNG,153.86,Dólares,0,0
TVS882BRI7,TVS-882BR-ODD-I7-32G-US,4713213511312,QNAP TVS-882BR-ODD-I7-32G-US Intel Ci7-7700 32GB NAS for SMB,,QNAP,2743,Dólares,0,0
CONTNEGNUN,,,CONTROL WIIMOTE + NUNCHUK PARA WII WIIMINI WIIU NEGRO,,,9.58,Dólares,0,0
CONTBLANBL,,,CONTROL NUNCHUCK BLANCO PARA NINTENDO WII BLUETOOTH,,,3,Dólares,0,200
CONTVIDGEN,,,CONTROL INALAMBRICO RECARGABLE PRO WII U,,,10.58,Dólares,0,0
PHAN001WT,PHAN-001WT,0895562002742,GABINETE PHANTOM WHITE PHAN-001WT,12 Meses,NZXT,88.13,Dólares,0,0
ECA3380AS,ECA3380AS-R,4713157722256,OSTROG ADV ATX MID CASE BLACK   RED RIM   2 RED LED FAN,12 Meses,ENERMAX,65,Dólares,0,5
ECA3280ABR,ECA3280A-BR,816163005871,OSTROG GT ATX MID CASE BLACK   RED RIM   2 RED LED FAN,12 Meses,ENERMAX,45,Dólares,0,0
ECA3253,ECA-3253,,OSTROG ATX MID CASE BLACK   WHITE RIM,,ENERMAX,36.93,Dólares,0,0
ECA3253BW,ECA-3253-BW,,OSTROG ATX MID CASE BLACK   WHITE RIM ECA-3253-BW,12 Meses,ENERMAX,30,Dólares,0,0
D400S3SE,D-400S3SE,,ISTARUSA D STORM D-400S3SE NO P SUPPLY 4U ULTRA COMPACT SERV,12 Meses,ISTARUSA,241.35,Dólares,0,0
PAQUETERIA,,,SERVICIO DE PAQUETERIA,,,0,Dólares,0,0
CLW093AL00,CL-W093-AL00BL-A,4717964403339,THERMALTAKE PACIFIC HARD TUBE BENDING KIT CL-W093-AL00BL-A,,THERMALTAKE,56.36,Dólares,0,0
SKC400S375,SKC400S37 512G,740617251487,KINGSTON SSDNOW KC400 512GB 2.5  SATA3 SSD SKC400S37 512G,,KINGSTON,200,Dólares,0,0
EARLKASER,DP-ATX-ERLKBK-GLSRGB,6933412713388,DEEPCOOL EARLKASE RGB DP-ATX-ERLKBK-GLSRGB,12 Meses,DEEPCOOL,52.25,Dólares,0,0
DUKASEWHV,DP-ATX-DUKWH2BL,6933412712992,DEEPCOOL DUKASE WHV2   DP-ATX-DUKWH2BL  White,12 Meses,DEEPCOOL,42.75,Dólares,0,0
CA4ATX45G,BFA-MSC-4ATX45GK-RP,4716779441543,ATX-4 PIN EXTENSION 45CM GREEN,,BITFENIX,6.9,Dólares,0,0
CA4ATX45R,BFA-MSC-4ATX45RK-RP,4716779441499,ATX-4 PIN EXTENSION 45CM RED,,BITFENIX,6.9,Dólares,0,0
CA24ATXK,BFA-MSC-24ATX45KK-RP,4716779441642,ATX 24PIN EXTENSION 30CM BLACK,,BITFENIX,10.8,Dólares,0,0
CA24ATXR,BFA-MSC-24ATX45RK-RP,4716779441642,ATX 24PIN EXTENSION 30CM RED,,BITFENIX,8.64,Dólares,0,0
CA24ATXW,BFA-MSC-24ATX45WK-RP,4716779441666,ATX 24PIN EXTENSION 30CM WHITE,,BITFENIX,8.64,Dólares,0,0
CA24ATXB,BFA-MSC-24ATX45BK-RP,4716779441697,ATX 24PIN EXTENSION 30CM BLUE,,BITFENIX,8.64,Dólares,0,0
CA24ATXG,BFA-MSC-24ATX45GK-RP,4716779441727,ATX 24PIN EXTENSION 30CM GREEN,,BITFENIX,10.8,Dólares,0,0
CA24ATXO,BFA-MSC-24ATX45OK-RP,4716779441703,ATX 24PIN EXTENSION 30CM ORANG,,BITFENIX,10.8,Dólares,0,0
CA24ATXS,BFA-MSC-24ATX45SK-RP,4716779441710,ATX 24PIN EXTENSION 30CM SILVER,,BITFENIX,10.8,Dólares,0,0
CA6PEG45K,BFA-MSC-6PEG45KK-RP,4716779442090,6-PIN PCI-E EXTENSION 45CM BLACK,,BITFENIX,9.6,Dólares,0,0
CA6PEG45W,BFA-MSC-6PEG45WK-RP,4716779442113,6-PIN PCI-E EXTENSION 45CM WHITE,,BITFENIX,9.6,Dólares,0,0
CA6PEG45B,BFA-MSC-6PEG45BK-RP,4716779442144,6-PIN PCI-E EXTENSION 45CM BLUE,,BITFENIX,9.6,Dólares,0,0
CA6PEG45G,BFA-MSC-6PEG45GK-RP,4716779442175,6-PIN PCI-E EXTENSION 45CM GREEN,,BITFENIX,9.6,Dólares,0,0
CA6PEG45O,BFA-MSC-6PEG45OK-RP,4716779442151,6-PIN PCI-E EXTENSION 45CM ORANGE,,BITFENIX,9.6,Dólares,0,0
CA4ATX45W,BFA-MSC-4ATX45WK-RP,4716779441482,ATX-4 PIN EXTENSION 45CM WHITE,,BITFENIX,6.9,Dólares,0,0
ATXSN1050W,ATX-SN1050W,0837344005534,APEVIA SIGNATURE ATX-SN1050W 1050W 80 PLUS BRONZE,,APEVIA,85.13,Dólares,0,0
PULLST2000,PULL ST2000DM001,,SEAGATE 2TB 7200 SATA III ST2000DM001 3.5  PULL,,SEAGATE,34.5,Dólares,0,0
RFFZ14002,RF-FZ140-02,5060301690145,NZXT Air Flow Series RF-FZ140-02 140mm Case Fan,,NZXT,6.83,Dólares,0,0
CAP240RGBW,CAPTAIN 240EX RGB WHITE,6933412726340,DEEPCOOL CAPTAIN 240EX RGB WHITE 240MM CPU LIQUID COOLER,DEEPCOOL CAPTAIN 240EX RGB WHITE 240MM CPU LIQUID COOLER FOR INTEL LGA20XX LGA1366 LGA115X & AMD SOCKET AM4 AM3+ AM3 AM2+ AM2 FM2+ FM2 FM1,DEEPCOOL,88.5,Dólares,0,0
CAP240RGBB,CAPTAIN 240EX RGB,6933412725985,DEEPCOOL CAPTAIN 240EX RGB BLACK 240MM CPU LIQUID COOLER,DEEPCOOL CAPTAIN 240EX RGB BLACK 240MM CPU LIQUID COOLER FOR INTEL LGA20XX LGA1366 LGA115X & AMD SOCKET AM4 AM3+ AM3 AM2+ AM2 FM2+ FM2 FM1,DEEPCOOL,100.69,Dólares,0,0
RGB350,RGB 350,6933412795506,DEEPCOOL RGB350 COLOR LED STRIPS,12 Meses,DEEPCOOL,20,Dólares,0,1
RGB360,DP-LED-RGB360,6933412795513,DEEPCOOL RGB360 COLOR LED STRIPS,Fijo mediante un imán  apto para superficie de hierro solamenteControl remoto Omni-direccional de radio frecuencia de 360°Ultra control remoto a 10 metros de distanciaControl táctil con alta sensibilidad16.8 millones de colores LED regulablesModo de ahorro de energía de 20 segundos automáticamente para el control remoto,DEEPCOOL,0,Dólares,0,0
DPGENROG2,DP-ATXLCS-GEN-ROG2,6933412713340,DEEPCOOL BLACK GENOME ASUS ROG CERTIFIED LIQUID COOLED AM4,DeepCool Black Genome ASUS ROG Certified Liquid Cooled Mid Tower Chassis  Red Coolant,DEEPCOOL,219.69,Dólares,0,0
DPDUKBK2BF,DP-ATX-DUKBK2BF,6933412713005,DEEPCOOL BLACK DUKASE V2 MID TOWER CHASSIS  USB3  DP-ATX-DUK,DEEPCOOL BLACK DUKASE V2 MID TOWER CHASSIS  USB3  DP-ATX-DUK,DEEPCOOL,55.05,Dólares,0,0
DPLEDRGB36,DP-LED-RGB360,6933412795513,DEEPCOOL RGB360 COLOR LED STRIPS,12 Meses,DEEPCOOL,25.19,Dólares,0,0
SS520GB,SS-520GB,4711173870784,SEASONIC S12 II BRONZE 520W 80PLUS POWER SUPPLY,24 Meses,SEASONIC,54.5,Dólares,0,0
TB250BTC,TB250-BTC,4712960680579,BIOSTAR INTEL B250 TB250 PLACA MADRE ATX MINERO BTC PRO CRYP,,BIOSTAR,70,Dólares,0,0
DPTSRBKRED,DP-ATX-TSRBKRD,6933412712916,DEEPCOOL TESSERACT SW-RD NO POWER SUPPLY ATX MID TOWER,,DEEPCOOL,39,Dólares,0,0
SSR650FX,SSR-650FX,4711173873358,SEASONIC SSR-650FX FOCUS 650W 80 PLUS Gold ATX12V,,SEASONIC,89,Dólares,0,0
SS620GM2,SS-620GM2,4711173870777,SEASONIC M12II 620 BRONZE SS-620GM2 80PLUS POWER SUPPLY,,SEASONIC,62.5,Dólares,0,0
SSR550FX,SSR-550FX,4711173873341,SEASONIC SSR-550FX FOCUS 550W 80 PLUS GOLD ATX12V POWER SUPP,,SEASONIC,78,Dólares,0,0
BFCSOG600K,BFC-SOG-600-KKWSK-RP,4712883216206,BITFENIX SHOGUN WINDOW BFC-SOG-600-KKWSK-RP NO POWER SUPPLY,12 Meses,BITFENIX,102,Dólares,0,10
PRUEBA,,,para las series,,,0,Dólares,0,0
DPGENBKRD2,DP-ATXLCS-GEN-BKRD2,6933412713325,DEEPCOOL GENOME II BK-RD INTEGRATED 360MM LIQUID COOLER RED,12 meses,DEEPCOOL,150,Dólares,0,0
DPGENBKGN2,DP-ATXLCS-GEN-BKGN2,6933412713142,DEEPCOOL GENOME II BK-RD INTEGRATED 360MM LIQUID COOLER GREE,12 MESES,DEEPCOOL,150,Dólares,0,0
PULWD320AV,PULLWD3200AVJS,PULLWD3200AVJS,WD  320 gB  64MB  7200RPM  SATA II  3.0GB S  3.5  PULL,12 Meses,WD,10.5,Dólares,0,0
MZ75E250WH,MZ-75E250BULK,MZ-75E250BULK,SAMSUNG 850 EVO 250GB MZ-75E250BULK 2.5  SATA III 540 520 MB,12 Meses,SAMSUNG,77.45,Dólares,0,0
CSSDF240LE,CSSD-F240GBLE200,843591096751,CORSAIR FORCE SERIES LE200 SSD  SATA 6GBPS 240GB INTERNAL DR,12 Meses,CORSAIR,75,Dólares,0,1
CMK322666R,CMK32GX4M2A2666C16R,843591070614,KIT MEMORIA VENGEANCE LPX 32GB  2X16GB  DRAM DDR4 2666  RED,12 Meses,CORSAIR,300,Dólares,0,0
PS750FX3,PS-750FX3,4711173873365,SEASONIC SSR-750FX FOCUS 750W 80 PLUS Gold ATX12V P SUPPLY,,SEASONIC,102.41,Dólares,0,0
BLS8G4D24W,BLS8G4D240FSC,649528774248,CRUCIAL BALLISTIX SPORT LT WHITE DDR4-2400 8GB 1GX64 BULK,,CRUCIAL,0,Dólares,0,0
BLS8G4D24S,BLS8G4D240FSB,649528771308,CRUCIAL BALLISTIX SPORT LT GRAY DDR4-2400 8GB 1GX64 BULK MEM,,CRUCIAL,0,Dólares,0,0
PH6CE120,PH6-CE120,4718390740135,LITEON SSD MU3 120GB 3DNAND 2.5  SATA BOX PH6-CE120 SSD,12 Meses,LITEON,28.21,Dólares,0,0
BLS4G4D240,BLS4G4D240FSB,649528771292,CRUCIAL BALLISTIX SPORT LT GRAY DDR4-2400 4GB 512MX64 CL16 M,12 Meses,CRUCIAL,38.9,Dólares,0,0
PULLWD2000,GENERICO,PULL 2 TERAS,DELL 2TB 7200 SATA III WD2000FYYX 3.5  PULL,12 Meses,DELL,36.3,Dólares,0,0
KLTM091ROJ,KLTM-091  ROJO,608887010954,SILLA ERGONOMICA SERIE M1 ROJO ESTRUC ACERO TELA MUKAN,24 Meses,KULTEC,273.07,Dólares,0,0
KLTM092AZU,KLTM-092  AZUL,608887010961,SILLA ERGONOMICA SERIE M1 AZUL ESTRUC ACERO TELA MUKAN,24 meses,KULTEC,273.07,Dólares,0,0
KLTM093NAR,KLTM-093  NARANJA,608887010978,SILLA ERGONOMICA SERIE M1 NARANJA ESTRUC ACERO TELA MUKAN,24 Meses,KULTEC,273.07,Dólares,0,0
KLTRS028GR,KLTRS-028  GRIS OSCURO,608887011235,SILLA ERGONOMICA KLTRS-028  GRIS OSCURO  ESTRUC ACERO TELA,Silla de Juego Kultec RS tienen una estructura metálica  tapizado en vinipiel Tonuk  color Negro y alfombra anti derrape. Con posición personalizable para palanca  volante y pedalera. Altura ajustable de volante. Angulo personalizable para pedalera. Compatible con la mayoría de volantes  pedaleras y palancas del mercado  no incluidos .,KULTEC,354.02,Dólares,0,0
USB31CMLPL,USB31CMLPL,,CABLE USB 3 EN 1 USB TYPE C ANDROID iPHONE 2.4A PLATA,12 Meses,GENERICO,2.5,Dólares,0,45
USB31CMLNE,USB31CMLNE,,CABLE USB 3 EN 1 USB TYPE C ANDROID iPHONE 2.4A NEGRO,12 Meses,GENERICO,2.5,Dólares,1,93
USB31CMLRO,USB31CMLRO,,CABLE USB 3 EN 1 USB TYPE C ANDROID iPHONE 2.4A ROSA,12 Meses,GENERICO,2.5,Dólares,0,46
USB31CMLDO,USB31CMLDO,,CABLE USB 3 EN 1 USB TYPE C ANDROID iPHONE 2.4A DORADO,12 Meses,GENERICO,5.41,Dólares,1,47
CMK322666N,CMK32GX4M2A2666C16,8435910695557,KIT MEMORIA VENGEANCE LPX 32GB  2X16GB  DRAM DDR4 2666 BLACK,,CORSAIR,300,Dólares,0,0
HDTC810XL3,HDTC810XL3A1,022265902363,TOSHIBA DISCO DURO EXT. USB 3.0  1TB  2.5    CANVIO II AZUL,12 Meses,TOSHIBA,51,Dólares,0,0
HDTW110XC3,HDTW110XC3A1,889661093275,TOSHIBA DISCO DURO EXT. USB 3.0  1TB  2.5    PLATA,,TOSHIBA,58.51,Dólares,0,0
HDTC820XK3,HDTC820XK3C1,022265902400,TOSHIBA DISCO DURO EXT. USB 3.0  2TB  2.5    NEGRO,12 Meses,TOSHIBA,66.15,Dólares,0,0
STDT300010,STDT3000100,763649053430,SEAGATE EXT 3.5  3TB USB 3.0,12 Meses,SEAGATE,90,Dólares,0,0
KLTR10ROJO,KLTR-10 ROJO,608887010909,SILLA GAMING R SERIES VINI-PIEL ROJO NEGRO KLTR-10,12 meses,KULTEC,173.6,Dólares,0,1
KLTR20AZUL,KLTR-20 AZUL,608887010862,SILLA GAMING R SERIES VINI-PIEL AZUL NEGRO KLTR-20,12 Meses,KULTEC,173.6,Dólares,0,0
KLTR30NARA,KLTR-30 NARA,608887011197,SILLA GAMING R SERIES VINI-PIEL NARANJA NEGRO KLTR-30,12 Meses,KULTEC,173.6,Dólares,0,0
KLRT40VERD,KLRT-40 VERDE,608887010879,SILLA GAMING R SERIES VINI-PIEL VERDE NEGRO KLTR-40,12 Meses,KULTEC,173.6,Dólares,0,0
KLRT50GRIS,KLRT-50 GRIS,608887010893,SILLA GAMING R SERIES VINI-PIEL GRIS NEGRO KLTR-50,12 Meses,KULTEC,173.6,Dólares,0,0
KLRT80ROSA,KLRT-80 ROSA,608887010855,SILLA GAMING R SERIES VINI-PIEL ROSA NEGRO KLTR-80,12 Meses,KULTEC,173.6,Dólares,0,0
KLRT90BLAN,KLRT-90 BLANCA,608887010886,SILLA GAMING R SERIES VINI-PIEL BLANCA NEGRO KLTR-90,12 Meses,KULTEC,173.6,Dólares,0,0
KLTC1314RO,KLTC-1314 ROJO,608887010916,SILLA GAMING C SERIES TELA ROJO NEGRO KLTC-1314,12 Meses,KULTEC,173.6,Dólares,0,0
KLTC1315AZ,KLTC-1315 AZUL,608887010923,SILLA GAMING C SERIES TELA AZUL NEGRO KLTC-1315,12 Meses,KULTEC,173.6,Dólares,0,0
KLTC1319NA,KLTC-1319 NARANJA,608887010930,SILLA GAMING C SERIES TELA NARANJA NEGRO KLTC-1319,12 Meses,KULTEC,173.6,Dólares,0,0
KLTC1318VE,KLTC-1318 VERDE,608887010848,SILLA GAMING C SERIES TELA VERDE NEGRO KLTC-1314,12 Meses,KULTEC,173.6,Dólares,0,0
KLTE05NS,KLTE-05 NEGRO GRIS,608887010947,SILLA GAMING E SERIES VINI-PIEL GRIS NEGRO KLTE-05,24 Meses,KULTEC,241.5,Dólares,0,0
KLTZ3029RN,KLTZ-3029 ROJO NARANJA,608887011227,ESCRITORIO GAMER KULTEC Z ACERO NEGRO   ROJO KLTZ-3029,,KULTEC,173.6,Dólares,0,0
GENOMEROG,GENOME ROG,6933412713340,DEEPCOOL BLACK GENOME ASUS ROG CERTIFIED LIQUID COOLED AM4,12 Meses,DEEPCOOL,220,Dólares,0,0
SSDM2250GB,MZ-V6E250BW,8806088540139,250GB 960 EVO NVMe M.2 INTERNAL  SSD 3200 1500 MB s W R,24 Meses,SAMSUNG,115,Dólares,0,0
SEAS520GB,SS-520GB,4711173870784,SEASONIC S12 II BRONZE 520W 80PLUS POWER SUPPLY,12 meses,SEASONIC,54.5,Dólares,0,1
SEAS620GM2,SS-620GM2,4711173870777,SEASONIC M12II 620 BRONZE SS-620GM2 80PLUS POWER SUPPLY,24 Meses,SEASONIC,62.5,Dólares,0,10
MZ76E500E,MZ-76E500E,887276232270,SAMSUNG 860 EVO 500GB MZ-76E500E 2.5   550 520 MB V-NAND,,SAMSUNG,149.9,Dólares,0,0
SSDM2500GB,MZ-V6E500BW,8806088540122,500GB 960 EVO NVMe M.2 INTERNAL SSD 3200 1500 MB s R W,24 meses,SAMSUNG,208,Dólares,0,0
240EXRGBBL,CAPTAIN 240EX RGB,6933412725985,DEEPCOOL CAPTAIN 240EX RGB BLACK 240MM CPU LIQUID COOLER,24 Meses,DEEPCOOL,83.5,Dólares,0,0
MUFC460BR,MFC-J460DW,012502640677,MULTIFUNCIONAL BROTHER INYECCION DE TINTA MFC-J460DW,12 MESES,BROTHER,80,Dólares,0,0
1525,,,1531,,,0,Dólares,0,0
SEAS550FX,SSR-550FX,4711173873341,SEASONIC SSR-550FX FOCUS 550W 80 PLUS GOLD ATX12V POWER SUPP,12 MESES,SEASONIC,78,Dólares,0,4
SEAS650FX,SSR-650FX,4711173873358,SEASONIC SSR-650FX FOCUS 650W 80 PLUS Gold ATX12V,12 MESES,SEASONIC,89,Dólares,0,0
DPTESRBKRD,DP-ATX-TSRBKRD,6933412712916,DEEPCOOL TESSERACT SW-RD NO POWER SUPPLY ATX MID TOWER,12 MESES,DEEPCOOL,39,Dólares,0,0
CAH700WBB,CA-H700W-BB,5060301693863,NZXT H700I MID-TOWER COMPUTER CASE BLACK BLACK,12 MESES,NZXT,142.87,Dólares,0,0
CAH400WBL,CA-H400W-BL,5060301693986,NZXT CA-H400W-BL - H400I MICRO-ATX GAMING CASE - BLACK BLUE,12 MESES,NZXT,105,Dólares,0,0
CAH442WM8,CA-H442W-M8,5060301692927,NZXT H440 MID TOWER CASE  MATTE BLACK  CA-H442W-M8,12 MESES,NZXT,89.238,Dólares,0,0
CAS340WB4,CA-S340W-B4,5060301693412,NZXT S340W-B4 MID TOWER CASE  BLACK RED,12 MESES,NZXT,64.33,Dólares,0,0
SSDM21TBGB,MZ-V6E1T0BW,8806088540115,SAMSUNG 1 TB 960 EVO NVMe M.2 INTERNAL SSD MZ-V6E1T0BW,12 MESES,SAMSUNG,425,Dólares,0,0
SEAS750FX3,PS-750FX3,4711173873365,SEASONIC SSR-750FX FOCUS 750W 80 PLUS Gold ATX12V P SUPPLY,12 MESES,SEASONIC,94,Dólares,0,0
240EXRGBWH,CAPTAIN 240EX RGB WHITE,6933412726340,DEEPCOOL CAPTAIN 240EX RGB WHITE 240MM CPU LIQUID COOLER,12 MESES,DEEPCOOL,83.11,Dólares,0,3
RLKRM2201,RL-KRM22-01,5060301694013,NZXT KRAKEN M22 AIO COOLER 120MM BLACK - RL-KRM22-01,12 MESESS,NZXT,68.5,Dólares,0,0
RLKRX4202,RL-KRX42-02,5060301693740,NZXT KRAKEN X42 ALL-IN-ONE 140MM CPU LIQUID COOLING SYSTEM,12 MESES,NZXT,85.5,Dólares,0,0
RLKRX5202,RL-KRX52-02,5060301693757,NZXT KRAKEN X52 ALL-IN-ONE 240MM CPU LIQUID COOLING SYSTEM,12  MESES,NZXT,102,Dólares,0,0
RLKRX6202,RL-KRX62-02,5060301693764,NZXT KRAKEN X62 ALL-IN-ONE 280MM CPU LIQUID COOLING W SOFTWA,12 MESES,NZXT,112.92,Dólares,0,0
RLKRX7201,RL-KRX72-01,5060301694037,NZXT KRAKEN X72 AIO COOLER 360MM BLACK,12 MESES,NZXT,147.5,Dólares,0,0
SEAS650FXS,SSR-650FX,4711173873358,SEASONIC SSR-650FX FOCUS 650W 80 PLUS Gold ATX12V,12 MESES,SEASONIC,86,Dólares,0,0
CBS8GD424R,BLS8G4D240FSEK,0649528777232,CRUCIAL BALLISTIX SPORT LT RED DDR4-2400 8GB 1GX64 CL16   ME,12 MESES,CRUCIAL,35,Dólares,0,8
MF120,MF120,6933412710264,MF120 3IN1 SMART FANS BUILT IN 1.670M TRUE COLOR RGB LIGHTIN,12 MESESS,DEEPCOOL,76,Dólares,5,8
ANTMERC,,,ANTICIPO DE MERCANCIA,,,0,Dólares,0,0
BFCENS150W,BFC-ENS-150-WWWGK-RP,4712883216619,ENSO WHITE TEMPERED GLASS  ALCHEMY 3.0  AURA SYNC RGB W CONT,12 MESES,BITFENIX,84,Dólares,0,0
SSDM21TBV7,MZ-V7E1T0EW,0887276263328,SAMSUNG 1 TB 970 EVO NVMe M.2 WHITE BOX SSD MZ-V7E1T0EW,12 MESES,SAMSUNG,350,Dólares,0,0
SEAS750XP2,SS-750XP2S, 4711173873099,SEASONIC SNOW SILENT-750 750W 80 PLUS PLATINUM ATX12V EPS12V,12 MESES,SEASONIC,97.78,Dólares,0,0
SEAS750PX,SSR-750PX,4711173873822,SEASONIC SSR-750PX FOCUS 750W 80 PLUS PLATINUM  ATX12V PS,12 MESES,SEASONIC,122.5,Dólares,0,0
SSDM2250V7,MZ-V7E250EW,887276263311,SAMSUNG 250 GB 970 EVO NVMe M.2 WHITE BOX SSD MZ-V7E250EW,12 MESES,SAMSUNG,80,Dólares,0,0
SSDM2500V7,MZ-V7E500EW,887276263281,SAMSUNG 500 GB 970 EVO NVMe M.2 WHITE BOX SSD MZ-V7E500EW,12 MESES,SAMSUNG,130,Dólares,0,0
AC0509006,AC-0509-006,,POWER BANK LINTERNA Q1-Q300 4000 MAH NEGRA,3  MESES,GENERICO,49,Dólares,0,0
SSDM250860,MZ-76E250E,887276232324,SAMSUNG 860 EVO 250GB MZ-76E250 WHITE BOX 2.5  SIII 540 520,12 MESES,SAMSUNG,60.38,Dólares,0,0
QUADSTELLA,DP-EATX-QUADSTLR,6933412713470,B QUADSTELLAR TEMPERED GLASS  4 INDEPENDENT CABINS  SUPPOR,12 MESES,DEEPCOOL,366.51,Dólares,0,0
NEWARK90,DP-ATXLCS-NARK90BK,6933412713425,CASE E-ATX WITH INTEGRATED L C WITH GLASS PANELS AND RGB LIG,12 MESES,DEEPCOOL,262.45,Dólares,0,0
BARONKASLB,DP-MATX-BNKSBK-LQD,6933412713395,BARONCASE PRE-INSTALLED AIO SYSTEM WITH A 120MM RADIATOR.,12 MESES,DEEPCOOL,121.96,Dólares,0,2
BARONKASLW,DP-MATX-BNKSWH-LQD,6933412713401,BARONCASE PRE-INSTALLED AIO SYSTEM WITH A 120MM  WHITE,12 MESES,DEEPCOOL,127.16,Dólares,0,3
EARLKASEV2,EARLKASE RGB V2,6933412713593,EARLKASE RGB V2 ATX MID-TOWER CASE FULL-SIZE TEMPERED GLASS,12 MESES,DEEPCOOL,66,Dólares,0,0
EARLKASEWH,DP-ATX-ERLKWH-GLSRGB,6933412713531,EARLKASE RGB V2 ATX MID-TOWER FULL-SIZE TEMPERED GLASS WHITE,12 MESES,DEEPCOOL,61.75,Dólares,0,0
MATREXX55,DP-ATX-MATREXX55,6933412713616,DEEPCOOL MATREXX 55 TEMPERED GLASS MID-TOWER E-ATX CASE DP-A,12 MESES,DEEPCOOL,44.98,Dólares,0,0
DSHIELDV2,DP-ATX-DSHIELD-V2,6933412713487,CASE ATX 1×USB3.0 2×USB2.0 1xAUDIO  HD  1XMIC,12 MESES,DEEPCOOL,29.89,Dólares,0,0
DQ850M,DP-GD-DQ850M,6933412798880,DEEPCOOL DP-GD-DQ850M 850W 80 PLUS GOLD ATX12V P SUPPLY,60 MESES,DEEPCOOL,106.71,Dólares,0,0
DQ750M,DP-GD-DQ750M,6933412798873,DEEPCOOL DP-GD-DQ750M 750W 80+ GOLD ATX12V P SUPPLY WHITE,60 MESES,DEEPCOOL,101.19,Dólares,0,0
DQ650M,DP-GD-DQ650M,6933412798866,DEEPCOOL DP-GD-DQ650M 650W 80 PLUS GOLD ATX12V P SUPPLY,12 MESES,DEEPCOOL,90.27,Dólares,0,0
DQ750ST,DP-GD-DQ750ST,6933412798545,DEEPCOOL DP-GD-DQ750ST 750W 80 PLUS GOLD ATX12V P SUPPLY,12 meses,DEEPCOOL,87.44,Dólares,0,22
DQ550ST,DP-GD-DQ550ST,6933412712862,DEEPCOOL DP-GD-DQ550ST 550W 80 PLUS GOLD ATX12V P SUPPLY,12 MESES,DEEPCOOL,69.11,Dólares,0,9
DA500M,DP-BZ-DA500-MFM2,6933412798743,DEEPCOOL DP-BZ-DA500-MFM2 500W 80 PLUS BRONZE ATX12V P SUPPL,12 MESES,DEEPCOOL,52.77,Dólares,0,30
CAS240RGB,DP-GS-H12L-CSL240RGB,6933412726487,CASTLE 240 RGB NEGRO 240 MM CPU LIQUID COOLER DP-GS-H12L-CSL,36 MESES,DEEPCOOL,83.5,Dólares,0,0
CAS280RGB,DP-GS-H12L-CSL280RGB,6933412726494,CASTLE 280 RGB NEGRO 280 MM CPU LIQUID COOLER DP-GS-H12L-CSL,12 MESES,DEEPCOOL,124.5,Dólares,0,0
CAPT120EXR,DP-GS-H12L-CT120RGB,6933412725978,CAPTIAN 120 EX RGB NEGRO 120 MM CPU LIQUID COOLER DP-GS-H12L,12 MESES,DEEPCOOL,64,Dólares,0,0
CAPT120EXW,DP-GS-H12L-CT120WA4,6933412726043,CAPTIAN 120 EX BLANCO 120 MM CPU LIQUID COOLER DP-GS-H12L-CT,12 MESES,DEEPCOOL,53.1,Dólares,0,2
CAPT360EX,DP-GS-H12L-CT360A4,6933412726036,CAPTIAN 360 EX NEGRO ROJO 360 MM CPU LIQUID COOLER DP-GS-H12,36 MESES,DEEPCOOL,88,Dólares,0,1
CAPT240EX,DP-GS-H12L-CT240A4,6933412726029,CAPTIAN 240 EX NEGRO ROJO 240 MM CPU LIQUID COOLER DP-GS-H12,36 MESES,DEEPCOOL,67.13,Dólares,0,0
CAPT120EX,DP-GS-H12L-CT120A4,6933412726012,CAPTIAN 120 EX NEGRO ROJO 120 MM CPU LIQUID COOLER DP-GS-H12,36 MESES,DEEPCOOL,52,Dólares,0,0
GAMMAXXTGA,DP-MCH4-GMX-GT-TUF,6933412726517,GAMMAXX GT TGA AIR COOLER TUF GAMING ALLIANCE  RYZEN  115X,36 MESES,DEEPCOOL,42,Dólares,0,0
FRYZEN,DP-GS-MCH6N-FZN-A,6933412726449,FRYZEN CPU AIR COOLER SUPPORTS AMD TR4 AM4 RGB ALL ALUMINIUM,36 MESES,DEEPCOOL,75.65,Dólares,0,0
CF120,DP-FA-RGB-CF120-1,6933412710325,CF-120-1 FAN COOLER ADDRESSABLE RGB LED DP-FA-RGB-CF120-1,12 MESES,DEEPCOOL,14.27,Dólares,0,40
CF1203IN1,DP-FA-RGB-CF120-3,6933412710332,CF-120-3 FAN COOLER ADDRESSABLE RGB LED DP-FA-RGB-CF120-3 3,12 MESES,DEEPCOOL,46,Dólares,0,0
CF140,DP-FA-RGB-CF140-1,6933412710349,CF-140-1 FAN COOLER ADDRESSABLE RGB LED DP-FA-RGB-CF140-1,12 MESES,DEEPCOOL,16.06,Dólares,0,13
CF1402IN1,DP-FA-RGB-CF140-2,6933412710356,FAN COOLER ADDRESSABLE RGB LED DP-FA-RGB-CF140-3 2IN1,12 MESES,DEEPCOOL,32.96,Dólares,0,13
GH01,DP-GCH2-GH01,6933412795988,ADJUSTABLE INTERNAL GRAPHICS CARD HOLDER  DP-GCH2-GH01,12 MESES,DEEPCOOL,5.31,Dólares,0,0
MDESKF2,DP-MS-MDF3-BKD2,6933412775829,SMART MONITOR STAND WITH USB HUB DP-MS-MDF3-BKD3,12 MESES,DEEPCOOL,23.54,Dólares,0,0
RGB200EX,DP-LED-RGB200EX,6933412795964,RGB LED STRIP MAGNETIC,12 MESES,DEEPCOOL,9.43,Dólares,0,50
RGB200PRO,DP-LED-RGB200PRO,6933412795971,RGB LED STRIP MAGNETIC ADDRESSABLE,12 MESES,DEEPCOOL,11.25,Dólares,0,28
RGB380,DP-LED-RGB380,6933412795667,DEEPCOOL RGB 380 LED STRIP RADIO FREQUENCY REMOTE-CONTROL,12 MESES,DEEPCOOL,23.57,Dólares,0,14
EPADPLUS,DP-MP-EPAD-001,6933412795735,MOUSEPAD DEEPCOOL E-PAD PLUS  DP-MP-EPAD-001,12 MESES,DEEPCOOL,12.83,Dólares,0,42
AS535G,AS5-3.5G,832199001014,ARCTIC SILVER 5 HIGH-DENSITY POLYSYNTHETIC SILVER THERMAL CO,,ARCTIC SILVER,12,Dólares,0,0
AS512G,AS5-12G,832199001021,ARCTIC SILVER 5 HIGH-DENSITY POLYSYNTHETIC SILVER THERMAL 12,,ARCTIC SILVER,22,Dólares,0,0
CPUCI38100,BX80684I38100,735858348430,PROCESADOR INTEL® CORE? I3-8100,36 MESES,INTEL,118,Dólares,0,0
BN606,BN606,4260052186084,be quiet U9 400W  80 PLUS BRONCE  POWER SUPPLY,12 MESES,BE QUIET,34,Dólares,0,12
BN607,BN607,4260052186091,be quiet U9 500W  80 PLUS BRONCE  POWER SUPPLY,12 MESES,BE QUIET,41.3,Dólares,0,0
BN608,BN608,4260052186107,be quiet U9 600W  80 PLUS BRONCE  POWER SUPPLY,12 MESES,BE QUIET,50,Dólares,0,14
VCQP2000PB,VCQP2000-PB,3536403354770,TARJETA DE VIDEO NVIDIA PNT QUADRO P2000 5GB 64-BIT GDDR5 PC,12 MESES,PNY,380,Dólares,0,0
VCQP620PB,VCQP620-PB,3536403361938,TARJETA DE VIDEO NVIDIA PNT QUADRO P620 2GB 64-BIT GDDR5 PCI,12 MESES,PNY,143.53,Dólares,0,0
VCQP400PB2,VCQP400-PB, 3536403354473,no usar,12 MESES,PNY,107,Dólares,0,0
VCQP400PB,VCQP400-PB, 3536403354473,TARJETA DE VIDEO NVIDIA PNY QUADRO P400 2GB 64-BIT GDDR5 PCI,12 MESES,PNY,103,Dólares,0,2
MATRE55RGB,DP-ATX-MATREXX55-AR,6933412713692,MATREEXX 55 RGB E-ATX ATX Micro ATX Mini-ITX,,DEEPCOOL,55,Dólares,0,0
FEDEX1,,,GUIA FEDEX UN KILO,,,172.5,Dólares,0,0
FEDEX5,,,GUIA FEDEX 5 KILOS,,,244.5,Dólares,0,0
ZTR208TDP,ZT-R208TDP,816264019357,ZOTAC NVIDIA GeForce RTX 2080 Ti AMP 11GB GDDR6 HDMI 3DP  Ty,12 MESES,ZOTAC,1330,Dólares,0,0
CAF10HUB,CA-F10HUB,6933412710301,DEEPCOOL FAN HUB UP TO 10 FANS,12 MESES,DEEPCOOL,15,Dólares,0,4
PRIMB360MA,PRIMEB360M-A,4712900984361,MB ASUS PRIME B360M-A 1151 DDR4 HDMI DVI VGA PRIME B360M-A,12 MESES,ASUS,68.9,Dólares,0,0
MATREX553F,MATREXX 55 ADD-RGB 3F,6933412713685,GABINETE ATX MATREXX 55 ADD-RGB 3F,12 MESES,DEEPCOOL,75,Dólares,0,0
GAMMAXXGTE,DP-MCH4-GMX-GTE,6933412726524,GAMMAXX GTE AIR COOLER AM4 AM3+  INTEL XXX,12 MESES,DEEPCOOL,29.99,Dólares,0,0
X399SLIPLU,X399 SLI PLUS,4719072542986,MOTHER BOARD MSI AMD X399 AMD TR4 EATX SLI PLUS,12 MESES,MSI,380,Dólares,0,0
OPTIXMAG24,OPTIXMAG24C,4719072540692,MON GAMER MSI OPTIXMAG24C CURVO 1920X1080 TR 1MS 144HZ FSYNC,12 MESES,MSI,245,Dólares,0,1
ZT20600D10,ZT-T20600D-10M,4895173617805,ZOTAC GAMING GeForce RTX 2060 AMP,12 MESES,ZOTAC,340,Dólares,0,0
NOUSAR,,,no usar,,,321,Dólares,0,0
BGW25,BGW25,4260052187029,CASE SILENT BASE 601 WINDOW ORANGE,12 meses,be quiet,127.5,Dólares,0,1
BGW26,BGW26,4260052187036,CASE SILENT BASE 601 WINDOW BLACK,12 meses,be quiet,127.5,Dólares,0,1
BGW27,BGW27,4260052187043,CASE SILENT BASE 601 WINDOW GRAY,12 meses,be quiet,127.5,Dólares,0,1
BK013,BK013,4260052183311,SHADOW ROCK 2 EXCEPTIONAL COOLING  SIGNIFICANT QUIET,12 Meses,be quiet,45,Dólares,0,7
BK008,BK008,4260052185254,PURE ROCK SLIM QUIET AND COMPACT COOLING,12 meses,be quiet,23.98,Dólares,0,22
BGW21,BGW21,4260052185445,PURE BASE 600 WINDOW BLACK,12 meses,be quiet,80,Dólares,0,2
BGW20,BGW20,4260052185438,PURE BASE 600 WINDOW ORANGE,12 meses,be quiet,80,Dólares,0,0
SSDV7S500,MZ-V7S500B AM,887276303741,SSD M:2 500 GB FORMATO 2280 NVA,12 MESES,SAMSUNG,120,Dólares,0,2
SSDV7S1TB,MZ-V7S1T0B AM,887276303758,SSD M:2 1TB GB FORMATO 2280 NVA PLUS,12 MESES,SAMSUNG,230,Dólares,0,2
NOOUSAR,,,no usar,,,180,Dólares,0,0
ZT20600F10,ZT-T20600F-10M,4895173617812,GeForce RTX 2060 TWIN FAN 6GB THREE,12 Meses,ZOTAC,321,Dólares,0,0
SSDV7P512,MZ-V7P512E,SSD M.2 970 PRO 512 GB,SSD M:2 500 GB FORMATO 2280 NVA PRO,12 MESES,,180,Dólares,0,0
CAH700BW1,CA-H700B-W1,5060301694150,NZXT H700B MID-TOWER COMPUTER CASE WHITE,12 MESES,NZXT,112,Dólares,0,0
SSDV7S250,MZ-V7S250B AM,887276303734,SSD M.2 250 GB FORMATO 2280 NVA PLUS,12 MESES,SAMSUNG,90,Dólares,0,9
ZTT16610F1,ZT-T16610F-10L,4895173618000,ZOTAC GAMING GeForce GTX 1660 Ti 6GB GDDR6,12 MESES,ZOTAC,250,Dólares,0,0
MZ76E1T0E,MZ-76E1T0E,8806088935577,SSD 2.5 1 TB FORMATO SATA III 860,12 meses,SAMSUNG,162.5,Dólares,0,0
GENOMBKRD2,DP-ATXLCS-GEN-BKRD2,6933412713142,DEEPCOOL GENOME II BK-RD INTEGRATED 360MM LIQUID COOLER RED,12 MESES,DEEPCOOL,165,Dólares,0,0
CAPT360EXW,DP-GS-H12L-CT360RGB-WH,6933412726357,CAPTIAN 360 EX BLANCO 360 MM CPU LIQUID COOLER DP-GS-H12L-CT,12 MESES,DEEPCOOL,118,Dólares,0,2
BGW33,BGW33,4260052187258,DARK BASE 700  WHITE EDITION SPECIAL CASE,12 meses,be quiet,188,Dólares,0,3
MATREXX70,DP-ATX-MATREXX70-BKG0P,6933412713753,DEEPCOOL MATREXX 70 TEMPERED GLASS LARGE MID-TOWER E-ATX CAS,12 MESES,DEEPCOOL,82,Dólares,0,4
BGW28,BGW28,4260052187081,SILENT BASE 801 WINDOW ORANGE E-ATX  3 FANS PURE WINGS FAN C,12 MESES,BE QUIET,130,Dólares,0,0
BGW29,BGW29,4260052187098,SILENT BASE 801 WINDOW BLACK E-ATX  3 FANS PURE WINGS FAN CO,12 MESES,BE QUIET,130,Dólares,0,0
BGW23,BGW23,4260052185742,DARK BASE 700 E-ATX 2 FANS PREINS PURE WINGS FAN CONTROLLER,12 MESES,BE QUIET,145,Dólares,0,1
BGW14,BGW14,4260052186589,DARK BASE PRO 900 ORANGE RV2 E-ATX  3 FANS PURE WINGS FAN CO,12 MESES,BE QUIET,225,Dólares,0,1
BGW15,BGW15,4260052186909,DARK BASE PRO 900 BLACK RV2 E-ATX  3 FANS PURE WINGS FAN CON,12 MESES,BE QUIET,225,Dólares,0,1
ZTT16500F1,ZT-T16500F-10L,4895173618604,ZOTAC GAMING GEFORCE GTX 1650 OC 4GB GDDR5 128-BIT GAMING,12 MESES,ZOTAC,133.5,Dólares,0,0
ZTT16600F1,ZT-T16600F-10L,4895173618116,ZOTAC NVIDIA GeForce GTX 1660 Twin Fan 6GB GDDR5 HDMI 3DISPL,12 Meses,ZOTAC,206,Dólares,0,0
ZTT20700B1,ZT-T20700B-10P,4895173617300,ZOTAC NVIDIA GeForce RTX 2070 AMP Extreme 8GB GDDR6 HDMI 3Di,12 meses,ZOTAC,550,Dólares,0,1
BN614,BN614,4260052185636,be quiet SFX L Power 500W is certified 80 PLUS Gold ITX,12 meses,be quiet,80,Dólares,0,0
ZT16600D10,ZT-T16600D-10M,4895173618109,ZOTAC GeForce GTX 1660 AMP! Edition 6GB GDDR5 HDMI 3DP,12 meses,ZOTAC,206.409,Dólares,0,0
G1650GX4,G1650GX4,4719072629298,NVIDIA GeForce MSI GTX 1650 GAMING X 4GB GDDR5 HDMI 2DP,12 MESES,MSI,165,Dólares,0,2
ST45SF,ST45SF,4710713966604,SFX Series ST45SF 450W 80 PLUS Bronze SFX PS SILVERSTONE,12 MESES,SILVERSTONE,65.5,Dólares,0,2
ZTT16610D1,ZT-T16610D-10M,4895173618086,NVIDIA GeForce ZOTAC GTX 1660 Ti AMP 6GB GDDR6 HDMI 3DP,12 MESES,ZOTAC,255,Dólares,0,2
GW2480,GW2480,4718755070068,MONITOR LED BENQ 23.8  GW2480  1920X1080 VGA HDMI C BOC. B.,12 MESES,BENQ,2130,Dólares,0,0
RYZEN32200,YD2200C5FBBOX,730143309127,AMD RYZEN 3 2200G  WS 3.5GHZ 65W SOCAM4 RADEON RX VEGA,12 meses,AMD,78.7,Dólares,0,0
KM3100GIGA,KM-3100,4719331550721,KIT TECLADO y MOUSE GIGABYTE GK-KM3100  ALAMBRICO  USB  Negr,12 meses,GIGABYTE,11.53,Dólares,0,0
MBA320MKPR,A320M-K,4712900672060,T. MADRE ASUS PRIME A320M-K AMD RYZEN AM4 DDR4 HDM VGA M.2 U,12 meses,ASUS,44.14,Dólares,0,0
GW2480T,GW2480-T,4718755070068,MONITOR BENQ GW2480 LED 23.8  1920x1080 5MS D-SUB HDMIx2 SPE,12 MESES,BENQ,106.73,Dólares,0,0
ST1000DM01,ST1000DM010,3660619402182,DD INTERNO SEAGATE BARRACUDA 3.5''  1TB  SATA III  6 GBIT S,12 MESES,SEAGATE,34.24,Dólares,0,0
100N10400L,100-N1-0400-L1,4250812405678,EVGA 400W 80+ WHITE FUENTE DE PODER,12 MESES,EVGA,24.8,Dólares,0,8
MATREXX50,DP-ATX-MATREXX50,6933412713906,DEEPCOOL MATREXX 50 MID TOWER CASE E-ATX,12 MESES,DEEPCOOL,45,Dólares,0,16
SBNB1000US,SBNB1000USB,7503023637008,NO BREAK SMARTBITT NB1000 1000VA 500W 6 CONTACTOS  USB  SBNB,12 MESES,SMARTBITT,1095.11,Dólares,0,0
N30KBRSATA,CM-CAB-SATA-N30KB-R,0630158284955,CABLEMOD® MODMESH SATA 3 CABLE  6GB S  30CM - BLUE,12 MESES,CABLEMOD,7.99,Dólares,0,5
N30KGRSATA,CM-CAB-SATA-N30KG-R,0630158284993,CABLEMOD® MODMESH SATA 3 CABLE  6GB S  30CM - GREEN,12 MESES,CABLEMOD,7.99,Dólares,0,5
N30KRRSATA,CM-CAB-SATA-N30KR-R,0716894282179,CABLEMOD® MODMESH SATA 3 CABLE  6GB S  30CM - RED,12 MESES,CABLEMOD,7.99,Dólares,0,5
N30KWRSATA,CM-CAB-SATA-N30KW-R,0716894282193,CABLEMOD® MODMESH SATA 3 CABLE  6GB S  30CM - WHITE,12 MESES,CABLEMOD,7.99,Dólares,0,5
15M30KRGBR,CM-LED-15-M30KRGB-RK,0630158278374,CABLEMOD MAGNETIC LED STRIP RGB KIT - 30CM   15 LEDS,12 MESES,CABLEMOD,25.7,Dólares,0,10
30M60KRGBR,CM-LED-30-M60KRGB-RK,0630158278381,CABLEMOD MAGNETIC LED STRIP RGB KIT - 60CM   30 LEDS,12 MESES,CABLEMOD,28.3,Dólares,0,10
KITD62KKRR,CM-CAB-BKIT-D62KKR-R,0630158278787,CABLEMOD BASIC CABLE EXT KIT-DUAL 6+2 PIN SERIES - BLACK RED,12 MESES,CABLEMOD,29.9,Dólares,0,2
KITD62KKGR,CM-CAB-BKIT-D62KKG-R,0630158278794,CABLEMOD BASIC CABLE EXT KIT-DUAL 6+2 PIN SERIES BLACK GREEN,12 MESES,CABLEMOD,29.9,Dólares,0,2
KITD62KKBR,CM-CAB-BKIT-D62KKB-R,0630158278800,CABLEMOD BASIC CABLE EXT. KIT-DUAL 6+2 PIN SERIES BLACK BLUE,12 MESES,CABLEMOD,29.9,Dólares,0,2
KITD62KKOR,CM-CAB-BKIT-D62KKO-R,0630158278817,CABLEMOD BASIC CABLE EXT KIT-DUAL 6+2 PIN SERIES - BLACK ORA,12 MESES,CABLEMOD,29.9,Dólares,0,2
KITD62KKWR,CM-CAB-BKIT-D62KKW-R,0630158278831,CABLEMOD BASIC CABLE EXT. KIT-DUAL 6+2 PIN SERIES - NEG BLAN,12 MESES,CABLEMOD,29.9,Dólares,0,2
MKITN62KWR,CM-CAB-BKIT-N62KW-R,0716894285378,CABLEMOD MODMESH BASIC CABLE EXT. KIT-DUAL 6+2 PIN SE BLANCO,12 MESES,CABLEMOD,29.9,Dólares,0,2
MKITN62KRR,CM-CAB-BKIT-N62KR-R,0716894285385,CABLEMOD MODMESH BASIC CABLE EXT KIT-DUAL 6+2 PIN SERIES RED,12 MESES,CABLEMOD,29.9,Dólares,0,2
MKITN62KLB,CM-CAB-BKIT-N62KLB-R,0716894285392,CABLEMOD MODMESH BASIC CABLE EXT. KIT-DUAL 6+2 PIN LIGHT BLU,12 MESES,CABLEMOD,29.9,Dólares,0,2
MKITN62KLG,CM-CAB-BKIT-N62KLG-R,0716894285408,CABLEMOD MODMESH BASIC CABLE EXT. KIT-DUAL 6+2 PIN LIGHT GRE,12 MESES,CABLEMOD,29.9,Dólares,0,2
EB24P30KWR,CM-CAB-24P-30KW-R,0716894289567,CABLEMOD MODFLEX ATX 24-PIN EXTENSION 30CM  WHITE,12 MESES,CABLEMOD,9.3,Dólares,0,2
EB24P30KRR,CM-CAB-24P-30KR-R,0716894289574,CABLEMOD MODFLEX ATX 24-PIN EXTENSION 30CM  RED,12 MESES,CABLEMOD,9.3,Dólares,0,2
EB24P30KKR,CM-CAB-24P-30KKR-R,0716894289581,CABLEMOD MODFLEX ATX 24-PIN EXTENSION 30CM  BLACK   RED,12 MESES,CABLEMOD,9.3,Dólares,0,2
EB24P30KKG,CM-CAB-24P-30KKG-R,0716894289598,CABLEMOD MODFLEX ATX 24-PIN EXTENSION 30CM  BLACK   GREEN,12 MESES,CABLEMOD,9.3,Dólares,0,2
EB24P30KKB,CM-CAB-24P-30KKB-R,0716894289604,CABLEMOD MODFLEX ATX 24-PIN EXTENSION 30CM  BLACK   BLUE,12 MESES,CABLEMOD,9.3,Dólares,0,2
CMVPBHDKR,CM-VPB-HDK-R,0716894290662,CABLEMOD VERTICAL PCI-E BRACKET - HDMI + DISPLAYPORT - BLACK,12 MESES,CABLEMOD,51.9,Dólares,0,0
BK022,BK022,4260052186268,BE QUIET! 250W TDP DARK ROCK PRO 4 CPU COOLER PWM FAN-135MM,12 MESES,BE QUIET,78.5,Dólares,0,7
